ui_parent,ui_son
dialog_continue.csb,Node_btn_go.csb
card_freediamonds.csb,Node_btn_video.csb
card_locked_pay.csb,Node_particle.csb
...,Node_btn_vip_song.csb
card_locked_pay_diamond.csb,Node_particle.csb
...,Node_btn_vip_song.csb
card_locked_pay_diamond_hl.csb,Node_btn_vip_song.csb
card_video.csb,Node_btn_free_timecount.csb
...,Node_btn_free_video.csb
hall.csb,card_playmusic.csb
homepageNode.csb,listview.csb
...,Node_cd_puzzle_enter_tips.csb
Layer_choselanguage.csb,Node_buttonback.csb
...,Node_done.csb
...,Node_choselanguage.csb
Layer_setting.csb,Panel_settinglist.csb
Panel_settinglist.csb,Node_sound.csb
...,Node_soundquality.csb
...,Node_language.csb
...,Node_thanks.csb
...,Node_rate.csb
...,Node_feedback.csb
...,Node_facebook.csb
...,Node_twitter.csb
...,Node_wechat.csb
...,card_fans.csb
UIHallLayer.csb,Panel_musiclist.csb
Panel_musiclist.csb,card_playmusic
UIHomeLayer.csb,homepageNode.csb
...,Node_message.csb
...,Node_fb_login_homepage.csb
...,Node_halloween.csb
...,Node_package_enter.csb
UIMusicLayer.csb,Panel_musiclist.csb
hall_levelup_pass.csb,hall_levelup_pass_content.csb
hall_pass.csb,hall_pass_content.csb
...,buttongroup_share_hall.csb
...,hall_pass_youbeat.csb
hall_pass_youbeat.csb,Node_text_youbeat.csb
...,Node_players.csb
...,Node_number.csb
levelup_pass.csb,levelup_pass_content.csb
levelup_pass_content.csb,aniLevelup.csb
nomal_pass.csb,normal_pass_content.csb
...,buttongroup_share_hall.csb
...,buttongroup_share_normal.csb
Layer_levelup.csb,Node_levelup_dialog.csb
Layer_littlestar_movie.csb,Node_littlestar.csb
...,Node_birthday2_first_step1.csb
Node_birthday2_first_step1.csb,Node_brithday2_cicle.csb
Layer_littlestar_movieclick.csb,Node_littlestar2.csb
Layer_share2.csb,Node_share_contents.csb
UIShareLayer.csb,Node_sharecd_content.csb
dialog_shop_energy_invitefriends.csb,Node_btn_free_video.csb
dialog_shop_diamond_video.csb,Node_btn_free_disable.csb
...,Node_btn_free_timecount.csb
...,Node_btn_free_video.csb
...,Node_shelter.csb
...,card_vip_result.csb
dialog_shop_diamond_video_sf.csb,Node_btn_free_disable.csb
...,Node_btn_free_timecount.csb
...,Node_btn_free_video.csb
...,Node_shelter.csb
...,card_vip_result.csb
Layer_firstcharge_bigdiamond.csb,Node_firstcharge_bigdiamond.csb
Node_banner_firstcharge.csb,Node_btn_get.csb
HomePage_new.csb,level.csb
...,life.csb
...,coin.csb
...,diamond.csb
...,bottomtab_new.csb
bottomtab_new.csb,aniHomeNode_new.csb
...,aniMusicNode_new.csb
...,aniHallNode_new.csb
...,aniSettingNode_new.csb
...,aniStoreNode_new.csb
...,aniClassNode.csb
BattleInfo.csb,BattleInfo_Content.csb
...,Battlt_Content_social.csb
Node_topbar.csb,level.csb
...,life.csb
...,coin.csb
...,diamond.csb
Ly_rank_singlesong.csb,Node_rank_linkfailure_single.csb
...,Ly_rank_singl_invite.csb
Node_fb_login_setting.csb,Node_fb_login_setting_diamond.csb
Ly_rank_total.csb,Node_rank_linkfailure.csb
card_rank.csb,Node_rank_player.csb
buttongroup_again.csb,Node_rank_reddot.csb
...,Node_rank_diamond.csb
...,Node_rank_numup.csb
...,Node_rank_number.csb
buttongroup_recording.csb,Node_rank_reddot.csb
...,Node_rank_diamond.csb
...,Node_rank_numup.csb
...,Node_rank_number.csb
Ly_rank_total_rankup.csb,Node_rankup_btn.csb
...,Node_rankup_panel1.csb
...,Node_rankup_panel2.csb
...,Node_rankup_title.csb
...,Node_text_leaderboard.csb
...,Node_title_cup.csb
...,Node_blackmask.csb
dialog_fb_login_homepage.csb,Node_btn_fb_dialog2.csb
Node_rank_player.csb,Node_rank_medal_light.csb
dialog_invite_friend.csb,Node_rank_invite_fiend.csb
...,Node_invite_friend_unlink.csb
Layer_share_rank.csb,Node_share_contents_rank.csb
normal_pass_content_new.csb,Node_new_best.csb
...,star_1.csb
...,star_2.csb
...,star_3.csb
...,crown_1.csb
...,crown_2.csb
...,crown_3.csb
...,Node_result_button_diamond.csb
...,Node_result_button_fb.csb
...,buttongroup_again_new.csb
buttongroup_again_new.csb,node_share_icon_gift_again.csb
hall_pass_content_new.csb,Node_result_button_diamond.csb
...,Node_result_button_fb.csb
...,buttongroup_again_new.csb
...,Node_new_best.csb
...,hall_pass_youbeat_new.csb
dialog_open_ad.csb,Node_btn_open_ad.csb
dialog_continue_gold.csb,Node_btn_go.csb
dialog_shop_coin_diamond.csb,Node_shelter.csb
...,card_vip_result.csb
dialog_shop_diamond.csb,Node_shelter.csb
...,card_vip_result.csb
dialog_shop_diamond_sf.csb,Node_shelter.csb
...,card_vip_result.csb
UIHomeLayer_xmas.csb,homepageNode_xmas.csb
...,Node_message.csb
...,Node_fb_login_homepage.csb
...,Node_halloween.csb
...,Node_package_enter.csb
homepageNode_xmas.csb,listview.csb
...,Node_homepage_fb_login_xmas.csb
...,Node_cd_puzzle_enter_tips_xmas.csb
normal_pass_content_new_xmas.csb,Node_new_best_new.csb
...,star_1.csb
...,star_2.csb
...,star_3.csb
...,crown_1.csb
...,crown_2.csb
...,crown_3.csb
...,Node_result_button_diamond.csb
...,Node_result_button_fb.csb
...,buttongroup_again_new_xmas.csb
...,Node_result_button_xmas.csb
hall_pass_content_new_xmas.csb,Node_result_button_diamond.csb
...,Node_result_button_fb.csb
...,buttongroup_again_new_xmas.csb
...,Node_new_best_xmas.csb
...,hall_pass_youbeat_new.csb
...,Node_result_button_xmas.csb
Layer_share_h5.csb,Node_share_contents.csb
Layer_choselanguage_xmas.csb,Node_buttonback.csb
...,Node_done.csb
...,Node_choselanguage.csb
HomePage_xmas.csb,level.csb
...,life.csb
...,coin.csb
...,diamond.csb
...,bottomtab_xmas.csb
bottomtab_xmas.csb,aniHomeNode_xmas.csb
...,aniMusicNode_xmas.csb
...,aniHallNode_xmas.csb
...,aniSettingNode_xmas.csb
...,aniClassNode_xmas.csb
BattleInfo_xmas.csb,BattleInfo_Content_xmas.csb
...,BattleInfo_Content.csb
card_locked_vip_song.csb,Node_btn_vip_song.csb
dialog_vip.csb,Node_shelter.csb
dialog_hall_class.csb,Node_invite_friend_unlink.csb
Node_banner_week.csb,Node_btn_week_enter.csb
Layer_freeloop_movie.csb,Node_freeloop.csb
...,Node_opening_text2014_f.csb
...,Node_opening_textdream_f.csb
...,Node_opening_textfullfill_f.csb
...,Node_opening_texticon_f.csb
...,Node_opening_textnumber_f.csb
Layer_freeloop_movieclick.csb,Node_freeloop2.csb
UIClassroomLayer.csb,classroomAni.csb
classroomAni.csb,Node_social_rank.csb
...,Node_season_diamond.csb
Node_chest_open.csb,Node_btn_open_all.csb
Node_social_rank.csb,Node_scoree_mine.csb
Node_season_diamond.csb,Node_scoree_time.csb
dialog_continue_new_new.csb,Node_btn_go.csb
Layer_share_birthday.csb,Node_share_contents_birthday.csb
Node_tree_xmas_edit_layer.csb,Node_tree_xmas_selection.csb
...,Node_tree_xmas_gift.csb
...,Node_tree_xmas_box_animation1.csb
...,Node_tree_xmas_box_animation2.csb
...,Node_tree_xmas_box_animation3.csb
dialog_shop_props.csb,Node_btn_props_shop_video.csb
dialog_props_buy.csb,Node_btn_props_shop_video.csb
Node_valentine_car_edit_layer.csb,Node_valentine_selection.csb
...,Node_valentine_gift.csb
...,Node_valentine_car_box_animation1.csb
...,Node_valentine_car_box_animation2.csb
...,Node_valentine_car_box_animation3.csb
...,Node_valentine_heart.csb
dialog_props_buy_key.csb,Node_btn_props_shop_video.csb
card_selection_task.csb,Node_home_btn_free_video.csb
...,Node_home_btn_diamond.csb
Node_collect_song_piece.csb,Node_home_btn_free_video.csb
card_locked_selection.csb,Node_home_btn_free_video.csb
card_selection_normal.csb,Node_home_btn_diamond_blue.csb
...,Node_home_btn_free_video_blue.csb
ui_store.csb,node_store_tab.csb
card_locked_pay_album.csb,Node_home_btn_free_video_blue.csb
Node_levelup_dialog.csb,Node_levelup_schedule.csb
...,Node_levelup_try_Progress.csb
...,Node_levelup_btn_free_video_blue.csb
card_locked_try.csb,Node_home_btn_free_video_blue.csb
ui_halloween_result_failed.csb,Node_jos_result_success_failde_btn.csb
ui_halloween_result_success.csb,Node_jos_result_success_failde_btn.csb
ui_pianist_duan.csb,ui_pianist_leaderboard_flag_all.csb
ui_pianist_leaderboard_flag_all.csb,ui_pianist_leaderboard_flag.csb
ui_pianist_leaderboard.csb,ui_pianist_leaderboard_flag_all.csb
dialog_selection_alan.csb,Node_home_btn_free_video_blue.csb
ui_mainline_duan.csb,ui_mainline_leaderboard_flag_all.csb
ui_mainline_leaderboard_flag_all.csb,ui_mainline_leaderboard_flag.csb
ui_mainline_leaderboard.csb,ui_mainline_leaderboard_flag_all.csb
ui_checkIn.csb,ui_checkIn_cell.csb
...,ui_checkIn_cell_faded.csb
Node_result_panel_gold.csb,Node_levelup_btn_free_video_yellow.csb
ui_clover_duan.csb,ui_clover_leaderboard_flag_all.csb
ui_clover_leaderboard_flag_all.csb,ui_clover_leaderboard_flag.csb
ui_clover_leaderboard.csb,ui_clover_leaderboard_flag_all.csb